epoch,train_loss,train_acc,lr,val_loss,val_macro_f1,val_top1,val_ece
1,0.9206540473714108,0.6909298780487805,0.001,0.44753151197359925,0.7979453279375406,0.8480434161668094,0.015319662663506562
2,0.31497060189523346,0.8944359756097561,0.0009797464868072487,0.2248790945045882,0.9010175225973391,0.926021136818052,0.01397952534745207
3,0.22552154697023513,0.9256859756097561,0.0009206267664155906,0.27554428473570386,0.878127262366092,0.9128820337046558,0.027380725128932533
4,0.17816171933692404,0.9409298780487805,0.0008274303669726426,0.399494955332679,0.8381265359187332,0.890602684947158,0.05251969622492293
5,0.13805931238684713,0.9543635670731707,0.0007077075065009433,0.20782261879588496,0.9180496597307273,0.9383033419023136,0.020781227557722062
6,0.11222278532890104,0.9623666158536586,0.0005711574191366427,0.20362925044266506,0.9179405332448967,0.940588403313339,0.019611196226396614
7,0.0776633185436722,0.9743711890243902,0.0004288425808633575,0.15072891644769584,0.9454410563169825,0.9605826906598115,0.018302452760527575
8,0.05847938880381152,0.9811356707317073,0.0002922924934990568,0.17326072722000926,0.9372975332564373,0.9531562410739789,0.021442666802492308
9,0.04443471405297381,0.9851371951219512,0.0001725696330273575,0.1619484002519185,0.9431447521981782,0.9568694658668951,0.021731273041009774
10,0.02966715280596939,0.9898056402439024,7.937323358440934e-05,0.13987913169339192,0.9552331472209055,0.9651528134818623,0.01785158539992221
11,0.026106454781079154,0.9906631097560976,2.025351319275137e-05,0.13273632503307503,0.9613959337767236,0.971151099685804,0.0174922037559678
12,0.01878044047647031,0.9938071646341463,0.0,0.13159145634452196,0.9587313384425149,0.9688660382747787,0.016132852982192657
